"Voltage (V)","Normalized Optical Power"
0,0.920514205
0.2,0.952758789
0.4,0.976956745
0.6,0.991009644
0.8,0.993028315
1,0.981047305
1.2,0.953335819
1.4,0.910165499
1.6,0.850285815
1.8,0.776005514
2,0.689654952
2.2,0.591884409
2.4,0.489311324
2.6,0.384471573
2.8,0.284902534
3,0.19233479
3.2,0.114661689
3.4,0.054573874
3.6,0.015584943
3.8,0.000106588
4,0.009048912
4.2,0.042075373
4.4,0.096110527
4.6,0.169593119
4.8,0.257051612
5,0.354657875
